id,revenue
3001,6020050.0
3002,2225061.2
3003,4815967.5
3004,10047607.0
3005,1088473.6
3006,3990422.0
3007,3644619.0
3008,32847688.0
3009,27070418.0
3010,382010500.0
3011,282277.72
3012,1156078.9
3013,31775202.0
3014,196328.22
3015,21197760.0
3016,408768.44
3017,138931600.0
3018,117422024.0
3019,18673236.0
3020,607726200.0
3021,52139196.0
3022,39933028.0
3023,573100.56
3024,18811360.0
3025,1075653.2
3026,73726090.0
3027,4091862.5
3028,84461980.0
3029,723817.3
3030,51425024.0
3031,6181760.5
3032,4131215.8
3033,333774.62
3034,85339.09
3035,1743928.4
3036,11794703.0
3037,49462750.0
3038,13724745.0
3039,15327144.0
3040,2092485.9
3041,18193344.0
3042,2894056.5
3043,11285987.0
3044,3197584.8
3045,702334340.0
3046,1734009.1
3047,3082196.0
3048,24735284.0
3049,18459992.0
3050,50347116.0
3051,691271.06
3052,8034221.0
3053,368945.0
3054,1677022.8
3055,61787870.0
3056,303452.34
3057,56756988.0
3058,216777780.0
3059,248554.31
3060,70443850.0
3061,37693536.0
3062,19697260.0
3063,32761924.0
3064,56373844.0
3065,25371714.0
3066,90134870.0
3067,1845063.0
3068,73059144.0
3069,192782130.0
3070,917524.1
3071,8173900.0
3072,396403070.0
3073,1500100.2
3074,481341.44
3075,31116244.0
3076,342559700.0
3077,16967686.0
3078,205613170.0
3079,21076444.0
3080,104074900.0
3081,12466147.0
3082,7782433.0
3083,9266442.0
3084,94696.51
3085,14866056.0
3086,76939610.0
3087,483864.8
3088,406137.9
3089,609072.5
3090,26372640.0
3091,22986670.0
3092,4281254.0
3093,159609570.0
3094,90768264.0
3095,42112976.0
3096,1776415.9
3097,1024222600.0
3098,22750784.0
3099,57074788.0
3100,4531089.5
3101,12308127.0
3102,2619870.0
3103,1127035.5
3104,1238084.8
3105,79716300.0
3106,85464184.0
3107,39321670.0
3108,7005359.0
3109,8638914.0
3110,354539900.0
3111,5677425.0
3112,334644.6
3113,6957761.0
3114,21524834.0
3115,20714930.0
3116,7724380.5
3117,389797.4
3118,2262453.5
3119,165176400.0
3120,70408550.0
3121,292194.75
3122,2843361.0
3123,14239860.0
3124,1577217.9
3125,1078015.0
3126,40577470.0
3127,3827504.0
3128,30402854.0
3129,251706340.0
3130,10793002.0
3131,1877371.0
3132,4250708.5
3133,2264177.5
3134,10907426.0
3135,4922080.5
3136,3221463.2
3137,77975030.0
3138,1559527.8
3139,38022704.0
3140,94267064.0
3141,17009140.0
3142,1263784.6
3143,105603150.0
3144,10408534.0
3145,12563822.0
3146,1646090.6
3147,17068770.0
3148,3141846.8
3149,53756020.0
3150,113236270.0
3151,5563113.0
3152,17998416.0
3153,2609154.0
3154,10906306.0
3155,32455604.0
3156,5677634.0
3157,10967380.0
3158,178280800.0
3159,9060068.0
3160,11387486.0
3161,500119.7
3162,4466872.0
3163,88041256.0
3164,1966973.1
3165,96381.2
3166,802772.3
3167,67812220.0
3168,383156.88
3169,17019772.0
3170,10183348.0
3171,27836006.0
3172,39562704.0
3173,350851.9
3174,1954136.2
3175,6778890.5
3176,42531856.0
3177,111486856.0
3178,4303172.0
3179,7507019.0
3180,2323680.2
3181,416856.38
3182,174378050.0
3183,28508034.0
3184,32462896.0
3185,69230690.0
3186,78447910.0
3187,6453527.0
3188,12339985.0
3189,78929040.0
3190,23170738.0
3191,8601946.0
3192,2092370.2
3193,336231840.0
3194,74515656.0
3195,1103268.0
3196,2429286.5
3197,6233709.0
3198,214802200.0
3199,268822460.0
3200,9910600.0
3201,6679933.5
3202,3212950.2
3203,1622698.5
3204,2030232.4
3205,912188.44
3206,18370512.0
3207,48184708.0
3208,4641973.0
3209,2750040.2
3210,885439940.0
3211,596307.5
3212,25834818.0
3213,66647210.0
3214,7332967.0
3215,4285721.0
3216,4998332.0
3217,604157100.0
3218,6120592.0
3219,858406.4
3220,150603940.0
3221,7002958.0
3222,2040338.2
3223,16163164.0
3224,3042429.2
3225,7567105.0
3226,2114720.2
3227,74248296.0
3228,237700450.0
3229,97700010.0
3230,28434784.0
3231,32534966.0
3232,21611928.0
3233,8496871.0
3234,3650621.0
3235,8628927.0
3236,329691.56
3237,19546424.0
3238,4560413.0
3239,274438.62
3240,499814370.0
3241,2366908.8
3242,4001550.2
3243,4757358.5
3244,1401465.0
3245,3419348.5
3246,22022982.0
3247,19746050.0
3248,64239028.0
3249,32914752.0
3250,224609060.0
3251,1182434.8
3252,18245006.0
3253,72936380.0
3254,1472402.0
3255,103342.19
3256,46644892.0
3257,16741795.0
3258,14773332.0
3259,41585920.0
3260,2359607.0
3261,584754600.0
3262,47171876.0
3263,418868.22
3264,1522659.0
3265,101394.81
3266,281868.9
3267,13965452.0
3268,233599.31
3269,57399268.0
3270,63272104.0
3271,1910476.5
3272,8659313.0
3273,2918127.5
3274,516347870.0
3275,22944542.0
3276,1636904.2
3277,7174052.0
3278,60222900.0
3279,16476863.0
3280,291436380.0
3281,524086.44
3282,2248274.2
3283,328524930.0
3284,20176886.0
3285,46300176.0
3286,154676.9
3287,4007280.0
3288,10172810.0
3289,26597524.0
3290,67492344.0
3291,22013752.0
3292,439993280.0
3293,45991710.0
3294,3905656.0
3295,11659584.0
3296,2730253.8
3297,2068352.0
3298,33958324.0
3299,6010350.0
3300,25184330.0
3301,696706.56
3302,6280236.5
3303,2772464.2
3304,11543646.0
3305,46556664.0
3306,840596.1
3307,50014560.0
3308,20905962.0
3309,2362767.8
3310,2910046.0
3311,2123509.0
3312,7872811.0
3313,47507188.0
3314,15423548.0
3315,61816430.0
3316,15685842.0
3317,1242542.0
3318,441931.5
3319,1384621.8
3320,18193364.0
3321,6633112.5
3322,10257027.0
3323,120063570.0
3324,6282919.0
3325,68711910.0
3326,232599300.0
3327,59258276.0
3328,35197616.0
3329,8339319.0
3330,135657180.0
3331,1249279.1
3332,47731010.0
3333,196896210.0
3334,3766514.5
3335,26959234.0
3336,11067073.0
3337,108344.7
3338,12116218.0
3339,1193912.4
3340,91681170.0
3341,7687921.0
3342,56858170.0
3343,63524044.0
3344,748896.8
3345,5994990.5
3346,17097560.0
3347,513310.8
3348,38645384.0
3349,58215620.0
3350,350305150.0
3351,38751660.0
3352,1243184.8
3353,71059330.0
3354,2462259.5
3355,2995771.5
3356,15620439.0
3357,1576410.5
3358,17710852.0
3359,20236464.0
3360,8552404.0
3361,73202940.0
3362,6544516.5
3363,7995780.5
3364,20667970.0
3365,551663.75
3366,68946460.0
3367,111556280.0
3368,907223.56
3369,27470492.0
3370,79410424.0
3371,38877550.0
3372,9635770.0
3373,51566296.0
3374,7067230.0
3375,66181256.0
3376,20471836.0
3377,3582987.2
3378,11376958.0
3379,175294880.0
3380,28321248.0
3381,2959839.8
3382,309655.53
3383,2165673.2
3384,40446990.0
3385,70041360.0
3386,1805084.0
3387,6381817.0
3388,81516264.0
3389,956502140.0
3390,6683139.0
3391,7912913.5
3392,7946038.0
3393,3834637.2
3394,89608990.0
3395,165568180.0
3396,9494483.0
3397,255611.67
3398,281589440.0
3399,64240372.0
3400,14571966.0
3401,5151654.0
3402,378613.38
3403,69052660.0
3404,5820080.5
3405,9229399.0
3406,161282380.0
3407,191561740.0
3408,35444772.0
3409,3329932.5
3410,38420188.0
3411,53494910.0
3412,16100842.0
3413,43257936.0
3414,1238245.1
3415,10768443.0
3416,81985144.0
3417,40732280.0
3418,39288750.0
3419,388104100.0
3420,2140577.0
3421,7831085.0
3422,1186081.0
3423,460612900.0
3424,693393.94
3425,4182657.5
3426,13775554.0
3427,19842300.0
3428,2873693.2
3429,22088050.0
3430,513624400.0
3431,1927504.6
3432,5912151.5
3433,8209122.5
3434,10156875.0
3435,374857200.0
3436,107802700.0
3437,3310565.5
3438,19274944.0
3439,75135740.0
3440,51074736.0
3441,44830704.0
3442,1241404.5
3443,2584309.2
3444,527683.1
3445,48724364.0
3446,529139.3
3447,3200591.8
3448,25083206.0
3449,14044739.0
3450,92846960.0
3451,36662876.0
3452,21102862.0
3453,54239924.0
3454,27520700.0
3455,6518720.5
3456,115057350.0
3457,16487970.0
3458,19222364.0
3459,810390200.0
3460,31622382.0
3461,6353921.5
3462,14935308.0
3463,19767626.0
3464,768736.94
3465,21385692.0
3466,22894710.0
3467,8915625.0
3468,113909310.0
3469,1693100.4
3470,106180.805
3471,46460000.0
3472,508379.9
3473,59571670.0
3474,71309130.0
3475,220044340.0
3476,3361112.2
3477,29308126.0
3478,3213439.0
3479,350679900.0
3480,9666916.0
3481,2939264.2
3482,3742474.8
3483,2903755.5
3484,3038772.0
3485,74546650.0
3486,73432310.0
3487,61467700.0
3488,149423120.0
3489,1874571.2
3490,23097254.0
3491,27020680.0
3492,4176395.5
3493,33885870.0
3494,6340947.0
3495,79769576.0
3496,5652057.0
3497,44645880.0
3498,19189966.0
3499,28783444.0
3500,377961.56
3501,80100570.0
3502,32817780.0
3503,23546412.0
3504,48017320.0
3505,2763212.2
3506,94821224.0
3507,191213090.0
3508,15389041.0
3509,15364186.0
3510,17775260.0
3511,43647396.0
3512,172387550.0
3513,14082556.0
3514,24548606.0
3515,5370255.0
3516,12645450.0
3517,821898430.0
3518,29369488.0
3519,4838405.0
3520,1464276.9
3521,442386.44
3522,8678910.0
3523,13736394.0
3524,53749068.0
3525,86973740.0
3526,23607206.0
3527,13954116.0
3528,11480280.0
3529,362831550.0
3530,19998958.0
3531,50612132.0
3532,60590076.0
3533,19091518.0
3534,17225132.0
3535,149426130.0
3536,8043332.0
3537,59974696.0
3538,80983370.0
3539,40676780.0
3540,9496852.0
3541,30428946.0
3542,45536664.0
3543,414593.94
3544,33187608.0
3545,623562.44
3546,2893868.2
3547,94635870.0
3548,276568580.0
3549,1556403.5
3550,238103970.0
3551,95842410.0
3552,67727300.0
3553,26564060.0
3554,167955310.0
3555,188800450.0
3556,22096342.0
3557,8550606.0
3558,198836180.0
3559,29246766.0
3560,3049329.0
3561,77423920.0
3562,5252844.0
3563,12798061.0
3564,1386153.8
3565,4821325.0
3566,53811468.0
3567,6487837.0
3568,4570890.5
3569,78266616.0
3570,1042460.7
3571,36413468.0
3572,126558130.0
3573,2922807.8
3574,38445372.0
3575,8558914.0
3576,20883452.0
3577,6255428.5
3578,43328250.0
3579,18279862.0
3580,12742436.0
3581,12990459.0
3582,122241510.0
3583,484437.78
3584,25484860.0
3585,38605896.0
3586,14244197.0
3587,2321380.0
3588,3855558.8
3589,22459860.0
3590,9720481.0
3591,370747900.0
3592,2035514.9
3593,379847.7
3594,2490682.0
3595,23718014.0
3596,21286850.0
3597,6244488.5
3598,30331904.0
3599,10225703.0
3600,2262958.8
3601,223176.31
3602,824328.0
3603,15581994.0
3604,4719771.5
3605,57522436.0
3606,1874439.9
3607,63343012.0
3608,169638350.0
3609,2301173.0
3610,46328644.0
3611,400542.5
3612,3248794.5
3613,3718057.0
3614,128605990.0
3615,23871452.0
3616,17609936.0
3617,9389527.0
3618,129037760.0
3619,430768.84
3620,115104520.0
3621,278591650.0
3622,326638080.0
3623,61185764.0
3624,156819.58
3625,1231224.8
3626,25716254.0
3627,57902870.0
3628,532497860.0
3629,3857715.8
3630,508493.1
3631,71247120.0
3632,15385362.0
3633,43097020.0
3634,1754384.2
3635,1687816.5
3636,52899360.0
3637,657795.94
3638,24707566.0
3639,61668330.0
3640,267661890.0
3641,2384704.2
3642,2216582.5
3643,10270871.0
3644,6624167.5
3645,10743513.0
3646,11677116.0
3647,20340474.0
3648,2346801.2
3649,12063319.0
3650,13650834.0
3651,425847500.0
3652,9643857.0
3653,271025470.0
3654,5738040.0
3655,23903528.0
3656,8791693.0
3657,96368.28
3658,3764116.2
3659,149852380.0
3660,306383550.0
3661,12207255.0
3662,27994434.0
3663,541914560.0
3664,649813.0
3665,1311884.0
3666,11403779.0
3667,151207490.0
3668,30809752.0
3669,8794598.0
3670,67166300.0
3671,20517458.0
3672,4435520.0
3673,127435950.0
3674,16086282.0
3675,278266530.0
3676,111430584.0
3677,8249276.5
3678,10863513.0
3679,40351470.0
3680,2673546.0
3681,1941582.6
3682,134204010.0
3683,2226018.8
3684,72404936.0
3685,102402240.0
3686,14258085.0
3687,124938650.0
3688,2889554.8
3689,1380996.4
3690,56200268.0
3691,1570960.0
3692,636269.6
3693,119942504.0
3694,109106616.0
3695,79412270.0
3696,24636680.0
3697,24782394.0
3698,53378600.0
3699,8478618.0
3700,1055989.8
3701,37731004.0
3702,95374.02
3703,73596050.0
3704,67696100.0
3705,12932508.0
3706,82434830.0
3707,1961960.5
3708,6157862.0
3709,213280430.0
3710,6838131.0
3711,1246390.2
3712,27611248.0
3713,13348310.0
3714,1287393.6
3715,8651344.0
3716,4143913.2
3717,679507.94
3718,5812457.0
3719,49100010.0
3720,7345490.5
3721,337728.47
3722,33916572.0
3723,414519.22
3724,7752801.0
3725,24705462.0
3726,10251808.0
3727,55020560.0
3728,189922660.0
3729,15550153.0
3730,118893000.0
3731,134697630.0
3732,800708.25
3733,291753000.0
3734,307997570.0
3735,34813188.0
3736,7731308.0
3737,9242276.0
3738,420979.84
3739,5535368.5
3740,4197686.0
3741,9294252.0
3742,75059270.0
3743,25430134.0
3744,121553660.0
3745,45804644.0
3746,227098340.0
3747,105848.24
3748,4789939.5
3749,4828189.5
3750,247781.72
3751,6131216.5
3752,2426771.0
3753,6902859.0
3754,25611026.0
3755,102483060.0
3756,7359820.5
3757,316757250.0
3758,94038420.0
3759,4512131.5
3760,116295784.0
3761,37376796.0
3762,325120700.0
3763,33377042.0
3764,28660132.0
3765,4228908.5
3766,4583119.5
3767,27158630.0
3768,6534390.0
3769,1498302.5
3770,3564723.2
3771,33671980.0
3772,12804575.0
3773,23652540.0
3774,17040222.0
3775,183837540.0
3776,66500810.0
3777,1430190.1
3778,386369.16
3779,9462546.0
3780,400924.8
3781,25976522.0
3782,1056973.1
3783,30511984.0
3784,7549182.5
3785,386805400.0
3786,12038238.0
3787,184405980.0
3788,738079360.0
3789,3127318.2
3790,744271.94
3791,11941899.0
3792,103822.37
3793,2243652.2
3794,2626985.5
3795,327867170.0
3796,12205017.0
3797,11950817.0
3798,29120112.0
3799,4504537.5
3800,2134516.8
3801,74180936.0
3802,1017525.8
3803,16364285.0
3804,345038.9
3805,94232.99
3806,70642560.0
3807,963388.25
3808,978859.0
3809,21319546.0
3810,3189365.8
3811,9443748.0
3812,2214145.8
3813,185729.81
3814,2265089.2
3815,57569364.0
3816,162443890.0
3817,236670240.0
3818,70742410.0
3819,20626492.0
3820,59241988.0
3821,63436270.0
3822,11046771.0
3823,12557053.0
3824,9541591.0
3825,4731454.0
3826,87839150.0
3827,75577000.0
3828,3090821.5
3829,43336.31
3830,32619330.0
3831,379999.4
3832,166993580.0
3833,30442412.0
3834,3738867.8
3835,5507075.0
3836,2025200.5
3837,28621410.0
3838,26094214.0
3839,3037883.0
3840,42903330.0
3841,7130579.5
3842,3972301.2
3843,33141782.0
3844,1688655.2
3845,114535.42
3846,763614.2
3847,714981.25
3848,1116225.5
3849,79576880.0
3850,9006587.0
3851,46641060.0
3852,3219187.5
3853,147275800.0
3854,377325.75
3855,925085.0
3856,14566359.0
3857,383334140.0
3858,253685.7
3859,6512765.5
3860,22276522.0
3861,28788582.0
3862,11479673.0
3863,62494960.0
3864,37188124.0
3865,105806616.0
3866,5925506.0
3867,88053620.0
3868,3449233.0
3869,68670760.0
3870,78639624.0
3871,468364130.0
3872,15073581.0
3873,22007106.0
3874,413468.3
3875,54659544.0
3876,19454.402
3877,46044630.0
3878,173295170.0
3879,694567040.0
3880,13352060.0
3881,134416.55
3882,4782814.0
3883,1510757.6
3884,169214900.0
3885,6629069.5
3886,26707262.0
3887,11004455.0
3888,1591304.1
3889,1623041.8
3890,170717740.0
3891,6205916.0
3892,3564919.0
3893,547931800.0
3894,46801344.0
3895,27293440.0
3896,39973536.0
3897,6978213.0
3898,18161030.0
3899,505013540.0
3900,25427674.0
3901,3597754.2
3902,265682.12
3903,2640173.8
3904,9129945.0
3905,13790898.0
3906,84707576.0
3907,5031558.0
3908,10660552.0
3909,2052734.0
3910,14609819.0
3911,1598301.1
3912,6988826.5
3913,97619830.0
3914,14355814.0
3915,388793500.0
3916,206162.14
3917,3696870.5
3918,3575751.8
3919,65603376.0
3920,23501554.0
3921,150910.6
3922,17643644.0
3923,34297252.0
3924,19030098.0
3925,258264340.0
3926,2740098.8
3927,75516824.0
3928,92923630.0
3929,59491260.0
3930,1483654.6
3931,1967899.6
3932,6756787.0
3933,23944420.0
3934,51762584.0
3935,168563.3
3936,2953972.5
3937,112004650.0
3938,5656821.0
3939,32960530.0
3940,5006443.0
3941,24239196.0
3942,262834560.0
3943,992165200.0
3944,10823838.0
3945,41333520.0
3946,1813909.6
3947,60626510.0
3948,3031650.5
3949,2094054.9
3950,1527080.6
3951,7362364.0
3952,59538908.0
3953,44699450.0
3954,671133250.0
3955,10338763.0
3956,48529720.0
3957,6556089.5
3958,1354281.0
3959,10328389.0
3960,1342915.8
3961,31955068.0
3962,3021189.0
3963,14793613.0
3964,884090560.0
3965,87540750.0
3966,14756390.0
3967,316938430.0
3968,25173280.0
3969,3672256.2
3970,29378046.0
3971,5983911.0
3972,8008207.0
3973,43966340.0
3974,1560282.1
3975,212003440.0
3976,68755330.0
3977,77395096.0
3978,243357330.0
3979,6085065.0
3980,845902.06
3981,724232.25
3982,9114071.0
3983,11313920.0
3984,78104750.0
3985,3443871.5
3986,1028837600.0
3987,42046430.0
3988,5159613.0
3989,30805464.0
3990,31521224.0
3991,449641.94
3992,562095.75
3993,10832131.0
3994,33836424.0
3995,33688750.0
3996,65737972.0
3997,6223514.5
3998,112170730.0
3999,11365483.0
4000,27549084.0
4001,4916742.5
4002,318206560.0
4003,228554.36
4004,41169860.0
4005,551758.6
4006,27170872.0
4007,573194.6
4008,4871983.0
4009,10182473.0
4010,1508724.2
4011,12680693.0
4012,134544580.0
4013,83470790.0
4014,834793.44
4015,66195804.0
4016,16903272.0
4017,11062584.0
4018,62906468.0
4019,262582060.0
4020,5059903.5
4021,115205400.0
4022,5880445.5
4023,171334160.0
4024,19929274.0
4025,490483.06
4026,78924030.0
4027,49389508.0
4028,1001914.3
4029,50262.04
4030,21653822.0
4031,59770740.0
4032,741357.9
4033,519086.78
4034,1276225.5
4035,74651770.0
4036,759824.4
4037,13465057.0
4038,4518912.0
4039,9647398.0
4040,5237341.0
4041,1172825.8
4042,41569244.0
4043,3195641.8
4044,65222830.0
4045,58050940.0
4046,5005994.5
4047,456192130.0
4048,7677764.5
4049,72256.71
4050,1232836.9
4051,679536100.0
4052,16201438.0
4053,4084955.5
4054,769300.75
4055,11645352.0
4056,5630504.0
4057,154594.94
4058,10057962.0
4059,5448545.5
4060,53052360.0
4061,185232080.0
4062,33847910.0
4063,9276728.0
4064,403114300.0
4065,80634720.0
4066,4706154.5
4067,30120754.0
4068,2849769.2
4069,24256100.0
4070,21319846.0
4071,3483060.8
4072,7155017.0
4073,128709990.0
4074,38553.652
4075,12141365.0
4076,40003470.0
4077,192474850.0
4078,6095169.5
4079,68502400.0
4080,3316696.2
4081,7953594.5
4082,153025760.0
4083,57793436.0
4084,92515.96
4085,24176908.0
4086,138158140.0
4087,6765095.0
4088,35696376.0
4089,24244390.0
4090,1492244.1
4091,57480880.0
4092,44534096.0
4093,40517308.0
4094,5622564.5
4095,186764600.0
4096,12866331.0
4097,60407700.0
4098,7853365.0
4099,6657119.5
4100,31969320.0
4101,24390490.0
4102,3878199.5
4103,26553152.0
4104,5159888.5
4105,460433.6
4106,3484930.5
4107,513190.25
4108,18885588.0
4109,2208501.8
4110,15688062.0
4111,4383526.5
4112,24625748.0
4113,1672483.5
4114,203400980.0
4115,3907499.0
4116,25480790.0
4117,7491197.0
4118,26507714.0
4119,40339750.0
4120,1310395.9
4121,3830237.5
4122,118145064.0
4123,6466803.0
4124,38613184.0
4125,16293028.0
4126,6822679.5
4127,3025939.2
4128,17822016.0
4129,3661114.0
4130,5368365.5
4131,102919976.0
4132,109883520.0
4133,19159820.0
4134,5127858.0
4135,13285566.0
4136,573191100.0
4137,2741385.5
4138,36783464.0
4139,8556744.0
4140,1449763.8
4141,8223421.0
4142,40546412.0
4143,69567176.0
4144,2864431.2
4145,17313450.0
4146,6223346.0
4147,82528.086
4148,11111193.0
4149,7955139.5
4150,749268.1
4151,2996899.5
4152,27093090.0
4153,13236467.0
4154,1083414.9
4155,15243348.0
4156,3703938.8
4157,5185951.0
4158,18825484.0
4159,81809870.0
4160,369322560.0
4161,12180878.0
4162,23032422.0
4163,143307780.0
4164,9211299.0
4165,7169016.5
4166,2509336.2
4167,26032460.0
4168,2733562.5
4169,1705156.9
4170,5351924.0
4171,117195310.0
4172,68452830.0
4173,9436386.0
4174,2244644.0
4175,2367189.8
4176,21151374.0
4177,99278.23
4178,467755680.0
4179,784706.1
4180,81932776.0
4181,23719166.0
4182,2282654.8
4183,105142970.0
4184,23484206.0
4185,5408483.5
4186,10716401.0
4187,11439289.0
4188,14228250.0
4189,1298594.8
4190,127854.92
4191,1428376.0
4192,32579.723
4193,197412980.0
4194,87081640.0
4195,5167962.0
4196,4662704.0
4197,12280774.0
4198,298474.9
4199,7308916.5
4200,63891236.0
4201,33989012.0
4202,78765130.0
4203,19741998.0
4204,46981624.0
4205,5252521.0
4206,24004760.0
4207,461008200.0
4208,558334000.0
4209,12599313.0
4210,98213900.0
4211,44735810.0
4212,226548130.0
4213,1947738.1
4214,12682052.0
4215,1028153.8
4216,3250712.5
4217,1323403.2
4218,44408220.0
4219,12267577.0
4220,13716655.0
4221,412039.56
4222,389475.38
4223,45424732.0
4224,1311098.8
4225,30062096.0
4226,32432428.0
4227,29225944.0
4228,160043.22
4229,69679660.0
4230,27611276.0
4231,6833119.0
4232,12360889.0
4233,82877650.0
4234,20587072.0
4235,3223821.5
4236,1891162.6
4237,1325757.0
4238,36921420.0
4239,170107860.0
4240,154665220.0
4241,293347360.0
4242,16800398.0
4243,2286647.8
4244,39477660.0
4245,1794047.4
4246,1138372.2
4247,30774292.0
4248,6827036.0
4249,18542086.0
4250,27936872.0
4251,1930608.6
4252,107917460.0
4253,75613256.0
4254,69312320.0
4255,36900836.0
4256,311101220.0
4257,86941830.0
4258,25797664.0
4259,763777.56
4260,227760640.0
4261,7932568.0
4262,1728104.2
4263,2947273.2
4264,475537920.0
4265,8783685.0
4266,2075433.8
4267,27232690.0
4268,8231902.5
4269,7165086.5
4270,456950530.0
4271,41750770.0
4272,641813.9
4273,25734726.0
4274,56668972.0
4275,3395923.0
4276,11713981.0
4277,37746090.0
4278,12813235.0
4279,40181250.0
4280,310871.9
4281,2408931.8
4282,38132644.0
4283,182640.42
4284,6732014.5
4285,200590.06
4286,340000420.0
4287,12955389.0
4288,46787940.0
4289,67449500.0
4290,71536990.0
4291,6282887.5
4292,2530966.2
4293,21968828.0
4294,107680080.0
4295,123516440.0
4296,37759748.0
4297,28542416.0
4298,950912.9
4299,7090854.5
4300,42505656.0
4301,2751155.2
4302,6226402.0
4303,2911781.0
4304,22930026.0
4305,11509090.0
4306,28267376.0
4307,237814.42
4308,632069.0
4309,15937840.0
4310,2561062.2
4311,2211850.0
4312,64520980.0
4313,145614140.0
4314,7149823.0
4315,221732670.0
4316,303675970.0
4317,2435807.2
4318,34879116.0
4319,369645.12
4320,7508023.5
4321,44909116.0
4322,6112207.0
4323,11307961.0
4324,4985850.0
4325,6166218.5
4326,6740823.0
4327,49766590.0
4328,3448779.2
4329,554836.5
4330,382601860.0
4331,49091004.0
4332,52586124.0
4333,2645507.8
4334,55492172.0
4335,81474970.0
4336,33877468.0
4337,98398.016
4338,186553570.0
4339,77635350.0
4340,6383537.0
4341,8651972.0
4342,8768480.0
4343,30477716.0
4344,2008733.4
4345,6569660.0
4346,40059470.0
4347,72577240.0
4348,770150.4
4349,199840320.0
4350,2939957.8
4351,111469420.0
4352,2106679.2
4353,117852610.0
4354,14239748.0
4355,20802624.0
4356,2078035.4
4357,77205096.0
4358,5517616.0
4359,34146660.0
4360,52246616.0
4361,66966500.0
4362,4062334.5
4363,63509624.0
4364,53128530.0
4365,3159730.2
4366,23470162.0
4367,31604944.0
4368,58635990.0
4369,18919718.0
4370,112930640.0
4371,31576266.0
4372,21147392.0
4373,8319106.0
4374,30609992.0
4375,2192456.2
4376,109328.07
4377,4402059.5
4378,29328478.0
4379,82031740.0
4380,62497724.0
4381,90375224.0
4382,377744480.0
4383,211535820.0
4384,41112150.0
4385,287197.72
4386,90539920.0
4387,57772850.0
4388,32350376.0
4389,227439020.0
4390,2217621.0
4391,717949.8
4392,66967892.0
4393,82844900.0
4394,30562686.0
4395,8852874.0
4396,45417740.0
4397,26832730.0
4398,153131650.0
4399,780162.3
4400,7598852.0
4401,14059675.0
4402,5039089.0
4403,13158660.0
4404,43803932.0
4405,24312604.0
4406,1020765.2
4407,1868839.6
4408,485876.34
4409,1334265.2
4410,2036203.5
4411,6888510.5
4412,57178184.0
4413,72326170.0
4414,1218185.2
4415,5357996.0
4416,281807.22
4417,268102740.0
4418,777073.4
4419,44659252.0
4420,410196350.0
4421,1902053.6
4422,3097994.5
4423,2588903.2
4424,1772769.8
4425,7565464.5
4426,21240142.0
4427,55154296.0
4428,1055479.0
4429,2816115.5
4430,481314.34
4431,1133946.6
4432,114254450.0
4433,189347860.0
4434,360273730.0
4435,24612158.0
4436,33254352.0
4437,1612190.0
4438,753907.06
4439,10168899.0
4440,808128.8
4441,45475068.0
4442,683972.25
4443,120455.18
4444,1971949.5
4445,13343718.0
4446,286135.84
4447,120149400.0
4448,4905460.0
4449,3326528.8
4450,108309960.0
4451,524192350.0
4452,21121814.0
4453,1623082.1
4454,1195915.6
4455,1961038.8
4456,70511670.0
4457,987954.9
4458,965502.9
4459,63569650.0
4460,11494880.0
4461,69511570.0
4462,24152594.0
4463,1222521.9
4464,47256360.0
4465,7000320.5
4466,838857.7
4467,18172948.0
4468,1724813.1
4469,13687184.0
4470,20775612.0
4471,784475.4
4472,121371950.0
4473,4528667.0
4474,13113943.0
4475,6107855.0
4476,252703.22
4477,14333608.0
4478,3962256.2
4479,1460182.5
4480,60559612.0
4481,9221511.0
4482,8758642.0
4483,7813509.0
4484,2784192.0
4485,26589912.0
4486,21432990.0
4487,13468487.0
4488,43484576.0
4489,34719280.0
4490,1145803.0
4491,118583210.0
4492,11370598.0
4493,2371095.0
4494,24308858.0
4495,9365635.0
4496,48865530.0
4497,4312609.5
4498,29015042.0
4499,668172.56
4500,178088350.0
4501,96010170.0
4502,10999564.0
4503,287373020.0
4504,2635659.8
4505,476450.75
4506,66047256.0
4507,743757.44
4508,1249400.5
4509,1669976.8
4510,8160031.5
4511,115612424.0
4512,447161.44
4513,36152700.0
4514,6930176.0
4515,169196220.0
4516,6848261.5
4517,12676756.0
4518,163607470.0
4519,79056280.0
4520,10235586.0
4521,26441516.0
4522,45102736.0
4523,13059131.0
4524,5189109.5
4525,2710678.8
4526,1349969.5
4527,28480280.0
4528,2628000.0
4529,1109753.6
4530,6802127.0
4531,10166631.0
4532,11118587.0
4533,32910230.0
4534,1650190.8
4535,80668504.0
4536,6581629.5
4537,2362172.0
4538,21572436.0
4539,602215.25
4540,118225976.0
4541,12990657.0
4542,53383796.0
4543,69959360.0
4544,4609360.0
4545,275776.22
4546,459795.4
4547,1302238.6
4548,3154804.2
4549,1041674.56
4550,7198461.5
4551,1106747300.0
4552,85858200.0
4553,7205546.0
4554,485806240.0
4555,400584.4
4556,50401724.0
4557,16793482.0
4558,5861876.0
4559,42445856.0
4560,118478780.0
4561,15087791.0
4562,976805.5
4563,183846380.0
4564,644795.44
4565,706155.1
4566,12900304.0
4567,63362430.0
4568,8533445.0
4569,10175701.0
4570,15482472.0
4571,3263853.0
4572,15442432.0
4573,36150410.0
4574,416661.47
4575,903438.06
4576,9280968.0
4577,2916112.0
4578,24337516.0
4579,3097201.2
4580,72596400.0
4581,9609495.0
4582,54687564.0
4583,182165900.0
4584,3703520.2
4585,117986070.0
4586,3281627.0
4587,2789482.5
4588,185907680.0
4589,2505049.0
4590,971374850.0
4591,46925836.0
4592,801884.4
4593,441368.8
4594,25266456.0
4595,504658020.0
4596,440924480.0
4597,16544553.0
4598,78178730.0
4599,7185220.0
4600,768921.06
4601,29311472.0
4602,10826446.0
4603,14091689.0
4604,24929138.0
4605,274819970.0
4606,206903020.0
4607,20057756.0
4608,3918963.0
4609,14025140.0
4610,130904530.0
4611,25599156.0
4612,16039510.0
4613,22365218.0
4614,11898463.0
4615,6076820.5
4616,463177.97
4617,47130180.0
4618,505616.03
4619,7054844.0
4620,4236234.0
4621,209521900.0
4622,11310950.0
4623,21212324.0
4624,1660248.4
4625,9998482.0
4626,7184161.5
4627,19549196.0
4628,2756855.2
4629,1617210.8
4630,10713837.0
4631,4586531.0
4632,4620969.0
4633,864503.1
4634,1428564.9
4635,322394.84
4636,179817810.0
4637,2794618.2
4638,7090965.0
4639,390861.88
4640,38853024.0
4641,5796812.5
4642,16768784.0
4643,56743956.0
4644,2705260.2
4645,734259.8
4646,980118340.0
4647,1535129.8
4648,6952402.0
4649,117581410.0
4650,79842730.0
4651,55786508.0
4652,312774200.0
4653,130310.01
4654,67400960.0
4655,50960550.0
4656,6621915.5
4657,4009092.5
4658,26362996.0
4659,2035876.2
4660,8801600.0
4661,20784762.0
4662,5522346.0
4663,7772755.0
4664,6751127.0
4665,28504552.0
4666,27409576.0
4667,274492860.0
4668,1097076.6
4669,3206891.8
4670,26380480.0
4671,6321877.5
4672,287807.53
4673,7039293.5
4674,2999383.8
4675,3925730.5
4676,1770188.2
4677,101962.125
4678,4309755.5
4679,152403.73
4680,781034.2
4681,16617609.0
4682,3913780.2
4683,3517834.0
4684,1148833.5
4685,40623110.0
4686,2967313.2
4687,4930957.0
4688,86773560.0
4689,5206746.5
4690,13800374.0
4691,11863049.0
4692,9805823.0
4693,2841074.0
4694,3227625.2
4695,16263167.0
4696,22538360.0
4697,79442240.0
4698,1310631.9
4699,6187667.0
4700,106345750.0
4701,165385520.0
4702,6885224.5
4703,12063016.0
4704,47790644.0
4705,56884524.0
4706,72219336.0
4707,4070505.2
4708,15752581.0
4709,141095.88
4710,192181600.0
4711,4259611.0
4712,869675.75
4713,324615170.0
4714,5104675.5
4715,366865.06
4716,515257.2
4717,11305394.0
4718,7577645.5
4719,130775170.0
4720,3876084.5
4721,2113632.8
4722,65633612.0
4723,1792661.6
4724,126527030.0
4725,6613229.5
4726,3703494.2
4727,13693596.0
4728,18826310.0
4729,65166704.0
4730,581499.5
4731,34816384.0
4732,308887460.0
4733,116850.625
4734,185990720.0
4735,28995178.0
4736,13877126.0
4737,58722770.0
4738,1848268.0
4739,55577910.0
4740,528392450.0
4741,464519.38
4742,115121336.0
4743,261506.42
4744,320885.12
4745,380412380.0
4746,38239620.0
4747,15167046.0
4748,100677310.0
4749,6644350.5
4750,6646622.0
4751,37730180.0
4752,3963406.2
4753,19775810.0
4754,834597440.0
4755,11997536.0
4756,52984760.0
4757,109892160.0
4758,59815268.0
4759,250426050.0
4760,997851.8
4761,20306354.0
4762,2487281.5
4763,570937.5
4764,505290800.0
4765,13698658.0
4766,139841950.0
4767,31942500.0
4768,97650210.0
4769,27612876.0
4770,69373976.0
4771,51019028.0
4772,11955407.0
4773,12188555.0
4774,7761658.0
4775,455117.25
4776,375822.3
4777,170801490.0
4778,36513576.0
4779,5382172.0
4780,154788590.0
4781,167567.6
4782,17363256.0
4783,2956122.2
4784,10619900.0
4785,20400784.0
4786,76169210.0
4787,54621212.0
4788,23271736.0
4789,3420616.5
4790,57398210.0
4791,3883274.5
4792,4516055.5
4793,25876824.0
4794,2172393.2
4795,3748695.5
4796,7264121.0
4797,883491600.0
4798,64351280.0
4799,17694602.0
4800,27725236.0
4801,591640.25
4802,25084968.0
4803,1584625.1
4804,2102789.0
4805,356727.44
4806,2444769.8
4807,946270.8
4808,2699690.8
4809,69776240.0
4810,230343.03
4811,7441686.0
4812,136477570.0
4813,116972370.0
4814,1599591.9
4815,26925152.0
4816,19469826.0
4817,9651882.0
4818,24862766.0
4819,4858230.0
4820,36681788.0
4821,2267420.8
4822,1474502.4
4823,10848090.0
4824,25077324.0
4825,30994770.0
4826,5045601.5
4827,59007324.0
4828,15485687.0
4829,19366962.0
4830,14147911.0
4831,32858086.0
4832,5951702.5
4833,13144898.0
4834,5718499.0
4835,37373744.0
4836,3607203.8
4837,301664130.0
4838,37264464.0
4839,69449.06
4840,456802430.0
4841,131800.33
4842,33532110.0
4843,93485200.0
4844,1305957.5
4845,14523919.0
4846,3196380.8
4847,422439260.0
4848,46965710.0
4849,377461900.0
4850,11988635.0
4851,77562.445
4852,2329933.2
4853,48057910.0
4854,14875343.0
4855,52302984.0
4856,10235837.0
4857,41359520.0
4858,24099654.0
4859,2527478.2
4860,333764740.0
4861,84683310.0
4862,176747790.0
4863,215680700.0
4864,63629504.0
4865,31270160.0
4866,8412145.0
4867,90464440.0
4868,3465096.2
4869,786310.94
4870,17945636.0
4871,15386185.0
4872,2013651.8
4873,8148969.0
4874,98952140.0
4875,14694423.0
4876,39216012.0
4877,33992908.0
4878,5414979.0
4879,20961140.0
4880,19714946.0
4881,1447349.9
4882,19264286.0
4883,49410484.0
4884,84923400.0
4885,4366876.5
4886,14512149.0
4887,593935.6
4888,2989324.8
4889,2657225.5
4890,106728430.0
4891,911650.06
4892,4724918.0
4893,52298190.0
4894,6456193.5
4895,3254169.0
4896,58333764.0
4897,2395855.0
4898,157506930.0
4899,112331410.0
4900,180330660.0
4901,48474590.0
4902,1569063.6
4903,2387444.5
4904,256274290.0
4905,8815442.0
4906,225799.33
4907,845625500.0
4908,20378754.0
4909,105249460.0
4910,43933260.0
4911,12202916.0
4912,84416450.0
4913,15176822.0
4914,51170532.0
4915,95585016.0
4916,15852497.0
4917,8495544.0
4918,225307020.0
4919,34659532.0
4920,27890598.0
4921,76045544.0
4922,11040388.0
4923,1587681.0
4924,105794104.0
4925,86375920.0
4926,132278.69
4927,12776264.0
4928,12141319.0
4929,2852301.5
4930,7176721.0
4931,18857458.0
4932,737971.1
4933,74693490.0
4934,1666216.1
4935,697055940.0
4936,4446135.5
4937,350887.5
4938,11980729.0
4939,660482.6
4940,2501551.5
4941,34399304.0
4942,1461111.4
4943,126090100.0
4944,70377096.0
4945,2058573.5
4946,3646370.8
4947,1212381.6
4948,1739969.8
4949,21931626.0
4950,50107748.0
4951,18790454.0
4952,16689028.0
4953,121610760.0
4954,31524740.0
4955,997556.3
4956,1950447.5
4957,36748436.0
4958,13897531.0
4959,19348126.0
4960,4980064.0
4961,101408024.0
4962,4099613.5
4963,27126896.0
4964,5145880.0
4965,1352185.1
4966,4114641.8
4967,34091852.0
4968,16613433.0
4969,23272.535
4970,700711.0
4971,65837636.0
4972,10160948.0
4973,1826043.5
4974,73745580.0
4975,3929207.8
4976,506663.56
4977,56589156.0
4978,5522429.0
4979,6775039.0
4980,29420452.0
4981,8172941.0
4982,74099240.0
4983,174319.75
4984,77572640.0
4985,361024740.0
4986,1421276.8
4987,2335335.5
4988,1255277.2
4989,20046978.0
4990,1792830.6
4991,13504138.0
4992,124997010.0
4993,3120196.2
4994,59988956.0
4995,471424.47
4996,15338320.0
4997,48545500.0
4998,19679296.0
4999,55688156.0
5000,169537120.0
5001,435796160.0
5002,228506980.0
5003,60991012.0
5004,12194566.0
5005,20494788.0
5006,237921580.0
5007,41280820.0
5008,367200130.0
5009,27607908.0
5010,2176570.2
5011,8899469.0
5012,45560956.0
5013,16802652.0
5014,54435496.0
5015,11115089.0
5016,87897490.0
5017,9140427.0
5018,30223540.0
5019,57851052.0
5020,2570822.0
5021,296576.72
5022,28821194.0
5023,1832974.1
5024,84379010.0
5025,1130334.8
5026,76255070.0
5027,22925896.0
5028,65938356.0
5029,49686308.0
5030,17271196.0
5031,2416601.0
5032,97114450.0
5033,2241251.5
5034,8552436.0
5035,1502540.9
5036,10515516.0
5037,25146808.0
5038,457743360.0
5039,1673828.5
5040,54003040.0
5041,23364726.0
5042,9710203.0
5043,19029590.0
5044,271783040.0
5045,3600420.2
5046,1902578.6
5047,1367864.2
5048,1344577.9
5049,75564504.0
5050,2075785.1
5051,206164960.0
5052,117692536.0
5053,20874520.0
5054,29737194.0
5055,9951664.0
5056,10612766.0
5057,21110038.0
5058,13949414.0
5059,18344568.0
5060,108177650.0
5061,47973690.0
5062,880067.94
5063,290408.78
5064,38464290.0
5065,4633382.5
5066,12929300.0
5067,31895596.0
5068,25398618.0
5069,89994290.0
5070,14177771.0
5071,85974800.0
5072,78725810.0
5073,6291604.0
5074,3881553.2
5075,2265333.8
5076,30580626.0
5077,100638020.0
5078,3658255.8
5079,3537341.5
5080,53316788.0
5081,38792988.0
5082,10307068.0
5083,897070.8
5084,17469758.0
5085,313526.38
5086,13826144.0
5087,4796842.5
5088,2874576.0
5089,1614137.0
5090,3672703.5
5091,8765522.0
5092,21788830.0
5093,41922600.0
5094,61984868.0
5095,92569500.0
5096,41729450.0
5097,306007.5
5098,1445442.1
5099,2054927.4
5100,2043759.0
5101,871880.44
5102,6475614.0
5103,632606.5
5104,30966312.0
5105,2036659.2
5106,1422403.2
5107,1921182.0
5108,16060468.0
5109,742195.94
5110,33665948.0
5111,70278420.0
5112,6249852.0
5113,127350.43
5114,15042186.0
5115,3376436.8
5116,6115723.0
5117,261340000.0
5118,17348638.0
5119,345477.75
5120,579591.7
5121,61398890.0
5122,22509340.0
5123,11472030.0
5124,3560763.2
5125,18154892.0
5126,11703037.0
5127,43261720.0
5128,280922.88
5129,1301188.2
5130,34959628.0
5131,15195940.0
5132,31819372.0
5133,85714010.0
5134,119483590.0
5135,133263784.0
5136,1922142.4
5137,59055320.0
5138,14417052.0
5139,99080104.0
5140,85259270.0
5141,45133316.0
5142,140584180.0
5143,83001864.0
5144,59383012.0
5145,16644027.0
5146,2449018.5
5147,5455988.5
5148,27402582.0
5149,1413149.1
5150,507624260.0
5151,251550450.0
5152,66830756.0
5153,2437508.2
5154,34560076.0
5155,1421405.5
5156,673648200.0
5157,3709020.2
5158,1867702.2
5159,90733370.0
5160,16376432.0
5161,12926644.0
5162,67559640.0
5163,129672700.0
5164,491421.47
5165,94231060.0
5166,101315270.0
5167,4278653.5
5168,3379262.8
5169,6318706.5
5170,24095284.0
5171,78150840.0
5172,5681118.5
5173,57627640.0
5174,69096730.0
5175,3757344.8
5176,8351942.5
5177,183233090.0
5178,487478370.0
5179,964640.1
5180,30499826.0
5181,688138.7
5182,20118914.0
5183,1211772.4
5184,13746240.0
5185,5081760.5
5186,4606511.5
5187,1962022.5
5188,3485201.0
5189,19140166.0
5190,307229700.0
5191,27241478.0
5192,74427070.0
5193,76888410.0
5194,47689470.0
5195,180464980.0
5196,37591740.0
5197,43421276.0
5198,53328468.0
5199,10809681.0
5200,8409773.0
5201,19312248.0
5202,2012687.9
5203,786083.0
5204,174511.9
5205,4195696.5
5206,18391954.0
5207,3387906.5
5208,9191175.0
5209,91033970.0
5210,12731990.0
5211,4301549.0
5212,3518688.5
5213,57400668.0
5214,64240.68
5215,9212141.0
5216,32886024.0
5217,1599074.0
5218,18597444.0
5219,7170839.0
5220,33272052.0
5221,460248.56
5222,5409273.0
5223,104837670.0
5224,185087.88
5225,44612.2
5226,29211018.0
5227,2294231.2
5228,10400523.0
5229,166691340.0
5230,11754900.0
5231,8939600.0
5232,861019.0
5233,1674515.5
5234,46701332.0
5235,26299234.0
5236,111693520.0
5237,123247730.0
5238,6386065.5
5239,35334796.0
5240,68404616.0
5241,20030928.0
5242,11646159.0
5243,3237379.0
5244,57027520.0
5245,2277564.2
5246,11606070.0
5247,61966964.0
5248,423202.22
5249,22785112.0
5250,153205980.0
5251,9843472.0
5252,226975.62
5253,3872984.8
5254,597867.94
5255,120349960.0
5256,35719532.0
5257,1625000.6
5258,1516284.9
5259,67805256.0
5260,5156885.5
5261,33473192.0
5262,7511434.0
5263,36063790.0
5264,2087211.1
5265,9421529.0
5266,38173250.0
5267,883161.5
5268,7630676.5
5269,71288070.0
5270,40212732.0
5271,11357524.0
5272,68282450.0
5273,448633.8
5274,29759224.0
5275,14733939.0
5276,11332613.0
5277,1921313.5
5278,7708180.5
5279,14289053.0
5280,3995033.8
5281,11806111.0
5282,23810250.0
5283,5578285.5
5284,13254376.0
5285,73267470.0
5286,10682673.0
5287,3727434.2
5288,350643.7
5289,63067944.0
5290,126966060.0
5291,663048000.0
5292,83013020.0
5293,146843000.0
5294,1255193.6
5295,786872900.0
5296,2491874.0
5297,67977250.0
5298,86499360.0
5299,4945197.5
5300,3820953.8
5301,14748306.0
5302,104060100.0
5303,2231289.5
5304,7501527.0
5305,1921744.5
5306,44154056.0
5307,195329360.0
5308,56594.6
5309,522237.62
5310,90990180.0
5311,4362362.5
5312,111885390.0
5313,511976000.0
5314,58271560.0
5315,1366200.1
5316,12656390.0
5317,11762434.0
5318,7586707.5
5319,7828033.0
5320,23840396.0
5321,21347900.0
5322,845961.9
5323,129620380.0
5324,16289707.0
5325,7256724.5
5326,9681218.0
5327,79493420.0
5328,4607977.0
5329,4525918.0
5330,135826480.0
5331,743598.7
5332,2634940.8
5333,42407828.0
5334,20381770.0
5335,3022133.5
5336,9165402.0
5337,1532075.2
5338,42371816.0
5339,7516760.0
5340,3395547.8
5341,136947600.0
5342,119213230.0
5343,27786672.0
5344,78466750.0
5345,1727877.6
5346,75387710.0
5347,177503.5
5348,5539287.0
5349,847331.7
5350,1898509.6
5351,132484010.0
5352,451355.56
5353,33289664.0
5354,65662900.0
5355,60624430.0
5356,12243449.0
5357,1640663.5
5358,56391972.0
5359,13672549.0
5360,159212050.0
5361,3988370.2
5362,2045593.1
5363,17579416.0
5364,1804425.5
5365,50992500.0
5366,108709750.0
5367,111526160.0
5368,10152122.0
5369,266879490.0
5370,16839736.0
5371,30928818.0
5372,576292860.0
5373,12979510.0
5374,79243970.0
5375,113169430.0
5376,156527900.0
5377,23407528.0
5378,1624361.9
5379,17638546.0
5380,31049904.0
5381,89650250.0
5382,82694000.0
5383,251061.44
5384,273187230.0
5385,81126800.0
5386,21015102.0
5387,4142023.8
5388,261640350.0
5389,20264026.0
5390,8533459.0
5391,56908812.0
5392,358081.1
5393,4274047.5
5394,36304176.0
5395,9414240.0
5396,103713544.0
5397,5152777.5
5398,15876979.0
5399,509618.38
5400,4525310.5
5401,76755530.0
5402,47822136.0
5403,19306488.0
5404,1107853.6
5405,42744130.0
5406,4126451.8
5407,135521250.0
5408,796093200.0
5409,91192390.0
5410,2184038.5
5411,22246976.0
5412,292178.5
5413,713050.94
5414,152479040.0
5415,83855440.0
5416,10455907.0
5417,144995970.0
5418,170159.89
5419,464685.97
5420,18043138.0
5421,21727192.0
5422,132959130.0
5423,265666420.0
5424,122353440.0
5425,7155628.0
5426,28846152.0
5427,1631228.6
5428,5989403.5
5429,53206776.0
5430,127155700.0
5431,32143632.0
5432,100084760.0
5433,31391842.0
5434,51146470.0
5435,11064991.0
5436,17709546.0
5437,55524076.0
5438,3557760.8
5439,994382.7
5440,96386770.0
5441,3140320.5
5442,121282344.0
5443,90095656.0
5444,31498448.0
5445,36457116.0
5446,122416060.0
5447,8222478.5
5448,8734103.0
5449,91900130.0
5450,3262502.8
5451,14237161.0
5452,1618421.0
5453,274830980.0
5454,45875388.0
5455,36489390.0
5456,13710227.0
5457,30379218.0
5458,5591163.5
5459,9534338.0
5460,145987.39
5461,129935.3
5462,1239737.6
5463,728935800.0
5464,675186.9
5465,17190892.0
5466,37506100.0
5467,37916548.0
5468,105903090.0
5469,334291.4
5470,187025810.0
5471,93784910.0
5472,61374480.0
5473,18904638.0
5474,11064072.0
5475,15932249.0
5476,8956559.0
5477,11702524.0
5478,92056536.0
5479,109930390.0
5480,15045597.0
5481,1883384.6
5482,19140594.0
5483,11325045.0
5484,124208090.0
5485,7813843.0
5486,7043943.5
5487,504926180.0
5488,30410454.0
5489,22701862.0
5490,5665851.5
5491,35867830.0
5492,23059622.0
5493,9521820.0
5494,44676.434
5495,12009038.0
5496,17942456.0
5497,40483850.0
5498,805711.06
5499,72845040.0
5500,42082684.0
5501,1476118.1
5502,5102370.0
5503,14686308.0
5504,18208134.0
5505,848842.6
5506,265098480.0
5507,28369240.0
5508,100861340.0
5509,170609760.0
5510,14220302.0
5511,1685186.1
5512,98639290.0
5513,1430811.4
5514,10704311.0
5515,1788137.4
5516,636029.94
5517,153812350.0
5518,9794171.0
5519,220671000.0
5520,78080.375
5521,16785262.0
5522,319065.1
5523,300166400.0
5524,534270050.0
5525,58397050.0
5526,5820031.5
5527,378073.4
5528,64527084.0
5529,49476.97
5530,266420020.0
5531,1403197.5
5532,12108885.0
5533,70509120.0
5534,357726940.0
5535,934456.1
5536,955196.7
5537,12354564.0
5538,13680719.0
5539,164794400.0
5540,25569726.0
5541,191210580.0
5542,1225737.4
5543,6507883.0
5544,84882310.0
5545,216561.66
5546,12093453.0
5547,8846704.0
5548,4641112.0
5549,52602492.0
5550,36958464.0
5551,12029105.0
5552,47645530.0
5553,24463780.0
5554,3122839.8
5555,43599748.0
5556,10072092.0
5557,3541787.8
5558,747072700.0
5559,2354115.2
5560,316837.75
5561,22034464.0
5562,39136144.0
5563,418075.0
5564,1792373.8
5565,11385602.0
5566,18055620.0
5567,8263063.0
5568,13583598.0
5569,55004140.0
5570,43084764.0
5571,103222100.0
5572,2709383.5
5573,112778470.0
5574,26050292.0
5575,158563600.0
5576,60987320.0
5577,36464984.0
5578,10142641.0
5579,8299146.5
5580,1611106.8
5581,24365484.0
5582,19982856.0
5583,50678364.0
5584,11294917.0
5585,7204670.0
5586,831324.1
5587,23407252.0
5588,280771140.0
5589,55360428.0
5590,1235180.6
5591,7181420.5
5592,6208608.5
5593,8700026.0
5594,5680842.0
5595,47097730.0
5596,115794056.0
5597,6324529.5
5598,6418580.0
5599,6048357.5
5600,6083009.5
5601,18715594.0
5602,78793440.0
5603,4392666.5
5604,9833773.0
5605,246083920.0
5606,58891828.0
5607,34614828.0
5608,71854230.0
5609,15048478.0
5610,21332172.0
5611,24878278.0
5612,520531780.0
5613,13953863.0
5614,13644244.0
5615,39356760.0
5616,11173914.0
5617,192176300.0
5618,20208178.0
5619,40455170.0
5620,7521801.5
5621,31222024.0
5622,17935086.0
5623,10888223.0
5624,516544000.0
5625,2145321.0
5626,2188972.0
5627,71911330.0
5628,15960105.0
5629,179935820.0
5630,16166581.0
5631,65510990.0
5632,69608670.0
5633,12113275.0
5634,3514823.5
5635,73115420.0
5636,1614203.4
5637,3619666.8
5638,89044696.0
5639,3068304.2
5640,1135030.8
5641,67285280.0
5642,13002839.0
5643,3328590.5
5644,925739300.0
5645,173291660.0
5646,7137495.0
5647,4242500.5
5648,74085370.0
5649,695528.8
5650,50434812.0
5651,27420820.0
5652,568690.0
5653,105979510.0
5654,64396790.0
5655,28385458.0
5656,761976640.0
5657,1208831.0
5658,7897190.0
5659,29692350.0
5660,121102160.0
5661,4266926.5
5662,509600060.0
5663,5743596.5
5664,3629385.0
5665,73090780.0
5666,21384420.0
5667,40666090.0
5668,961758.7
5669,3009490.8
5670,441392960.0
5671,17523768.0
5672,2695497.5
5673,49977052.0
5674,9170799.0
5675,1105392.2
5676,207579.77
5677,74193670.0
5678,81499440.0
5679,1782116.0
5680,30823668.0
5681,727901630.0
5682,1768431.5
5683,516049200.0
5684,72302900.0
5685,11102244.0
5686,766169.25
5687,62945524.0
5688,15588336.0
5689,12919846.0
5690,9483249.0
5691,54696430.0
5692,338663780.0
5693,33169104.0
5694,57549136.0
5695,3639919.5
5696,29448764.0
5697,64984.508
5698,3452336.0
5699,1162049.8
5700,81054560.0
5701,15678380.0
5702,37236320.0
5703,89260950.0
5704,29156598.0
5705,10570624.0
5706,769331.2
5707,54931428.0
5708,7049600.0
5709,32324948.0
5710,1291170.1
5711,14606841.0
5712,116767220.0
5713,11830843.0
5714,10553144.0
5715,10050443.0
5716,580587.5
5717,10316528.0
5718,3996680.0
5719,23775310.0
5720,9154523.0
5721,44145464.0
5722,686533.5
5723,56561720.0
5724,2012730.8
5725,239662.33
5726,74826390.0
5727,84325350.0
5728,2866225.8
5729,188669070.0
5730,5838652.5
5731,237094.83
5732,5036007.5
5733,3087250.8
5734,12511738.0
5735,3232651.8
5736,42029416.0
5737,37785184.0
5738,68630670.0
5739,13348310.0
5740,12130834.0
5741,57809530.0
5742,49080050.0
5743,21491116.0
5744,366662.22
5745,3832882.5
5746,22222572.0
5747,2458711.2
5748,67981560.0
5749,81472500.0
5750,37616596.0
5751,36790836.0
5752,2805148.2
5753,229888580.0
5754,15756671.0
5755,71475150.0
5756,16730496.0
5757,7933209.0
5758,97345.984
5759,16713925.0
5760,1019613.75
5761,191241.9
5762,123837864.0
5763,87596000.0
5764,6181545.5
5765,47905300.0
5766,27417322.0
5767,27800502.0
5768,33975190.0
5769,303212380.0
5770,10104870.0
5771,17928980.0
5772,40437628.0
5773,343188540.0
5774,52163624.0
5775,53353436.0
5776,2332850.8
5777,243706510.0
5778,105251336.0
5779,187108290.0
5780,2318097.8
5781,64228430.0
5782,61001360.0
5783,120091530.0
5784,4152598.8
5785,70599730.0
5786,29094494.0
5787,124125464.0
5788,1438599.5
5789,29599680.0
5790,54993736.0
5791,130250940.0
5792,6804117.5
5793,15832177.0
5794,62505356.0
5795,74894950.0
5796,13647733.0
5797,42953250.0
5798,217592.44
5799,260519090.0
5800,107210.83
5801,8223242.0
5802,1468132.4
5803,2589644.2
5804,271004640.0
5805,6078666.0
5806,14489611.0
5807,43526820.0
5808,43508108.0
5809,10538435.0
5810,118403.47
5811,1359732.1
5812,101281030.0
5813,141532770.0
5814,3351516.0
5815,5525346.0
5816,5321051.0
5817,454565.9
5818,2246318.2
5819,12468325.0
5820,7915483.0
5821,653127.2
5822,117524.71
5823,18011232.0
5824,32525726.0
5825,7867705.0
5826,6891355.5
5827,972985.3
5828,224275570.0
5829,49958790.0
5830,18198404.0
5831,78984850.0
5832,37255000.0
5833,13628097.0
5834,9398865.0
5835,133028.61
5836,70127510.0
5837,26999926.0
5838,360537.66
5839,46744390.0
5840,1360543.5
5841,61497748.0
5842,17595564.0
5843,12588724.0
5844,1598065.8
5845,1939595.4
5846,2438702.5
5847,39065496.0
5848,49416588.0
5849,657686.5
5850,30501946.0
5851,9428247.0
5852,6803524.0
5853,25427250.0
5854,32697992.0
5855,94719450.0
5856,10002297.0
5857,850784100.0
5858,1008865.9
5859,27471720.0
5860,177869340.0
5861,726216.5
5862,30609322.0
5863,106779150.0
5864,621125060.0
5865,10221997.0
5866,6381795.5
5867,1145374.8
5868,32483952.0
5869,4542022.0
5870,723021.9
5871,52612372.0
5872,158116960.0
5873,16560744.0
5874,3231458.2
5875,44969812.0
5876,70543940.0
5877,3759996.5
5878,80539130.0
5879,3512556.8
5880,82842190.0
5881,116362220.0
5882,249748080.0
5883,4521610.5
5884,28527490.0
5885,9816757.0
5886,15249085.0
5887,8913135.0
5888,9409399.0
5889,3784383.0
5890,32800698.0
5891,39427576.0
5892,9005369.0
5893,691100.2
5894,74689544.0
5895,16837976.0
5896,62195000.0
5897,304061.4
5898,36604930.0
5899,3366116.5
5900,3336982.8
5901,94329.14
5902,12591171.0
5903,74288056.0
5904,46745788.0
5905,70244940.0
5906,49461572.0
5907,897633.2
5908,49501570.0
5909,26072984.0
5910,8875399.0
5911,6439471.5
5912,215881020.0
5913,42278816.0
5914,10805622.0
5915,5143062.0
5916,49246544.0
5917,199148430.0
5918,93021224.0
5919,78615656.0
5920,1097272.0
5921,24369844.0
5922,7456022.0
5923,3168585.8
5924,13227153.0
5925,376428900.0
5926,560765.3
5927,1871881.2
5928,32250940.0
5929,374074.5
5930,55366900.0
5931,35366670.0
5932,227391.31
5933,7199003.0
5934,21552486.0
5935,260510830.0
5936,81279464.0
5937,1006189.3
5938,2816859.2
5939,26841186.0
5940,91822490.0
5941,8392858.0
5942,64989020.0
5943,3305437.2
5944,32055502.0
5945,3357718.8
5946,677186.56
5947,319673.47
5948,130452550.0
5949,1275934.1
5950,177954420.0
5951,30327580.0
5952,9106178.0
5953,109075830.0
5954,7524232.5
5955,31862010.0
5956,50864576.0
5957,52676216.0
5958,56576348.0
5959,7932883.5
5960,8292395.5
5961,883615.75
5962,5506905.5
5963,40690948.0
5964,61377200.0
5965,35360180.0
5966,48154348.0
5967,189911900.0
5968,69162170.0
5969,52242400.0
5970,11998601.0
5971,3039054.2
5972,12176461.0
5973,55757250.0
5974,3155392.2
5975,7274275.5
5976,214097.61
5977,356372.53
5978,477593660.0
5979,6250302.5
5980,114685464.0
5981,3290036.8
5982,137091540.0
5983,1689373.5
5984,38028612.0
5985,85572470.0
5986,252030.5
5987,14035821.0
5988,33004008.0
5989,332239.47
5990,93802824.0
5991,1152815.1
5992,17619824.0
5993,43545090.0
5994,783620.25
5995,18982160.0
5996,17948662.0
5997,14095750.0
5998,215078130.0
5999,2299050.0
6000,6150603.0
6001,2824225.0
6002,3653693.0
6003,336783200.0
6004,37469540.0
6005,4925254.5
6006,5772658.0
6007,10907553.0
6008,2629833.5
6009,70589490.0
6010,94117700.0
6011,17107490.0
6012,9574119.0
6013,176115900.0
6014,9874372.0
6015,28399064.0
6016,13522627.0
6017,904683.25
6018,11475888.0
6019,777045.9
6020,2026867.1
6021,6831791.0
6022,2845355.0
6023,11255979.0
6024,1231135.5
6025,6595209.5
6026,119672290.0
6027,8024102.5
6028,125763496.0
6029,3414373.8
6030,187035300.0
6031,49068970.0
6032,100584.04
6033,48340710.0
6034,2923358.5
6035,264815760.0
6036,1015732.75
6037,1434041.8
6038,105907.26
6039,959588.2
6040,40519350.0
6041,211614850.0
6042,218596.27
6043,150680430.0
6044,3618252.5
6045,36924110.0
6046,1022298.75
6047,1940433.8
6048,6781790.5
6049,5317036.5
6050,535578.1
6051,463050.16
6052,34805656.0
6053,213417.23
6054,2867767.5
6055,5471519.5
6056,31613396.0
6057,723270.4
6058,15411309.0
6059,119392800.0
6060,25693254.0
6061,64650744.0
6062,6281367.5
6063,87096800.0
6064,1084242.5
6065,51408410.0
6066,31736420.0
6067,48701424.0
6068,96613.26
6069,132319870.0
6070,99108940.0
6071,6140402.0
6072,26095848.0
6073,18134854.0
6074,1605209.0
6075,3540356.8
6076,61594110.0
6077,2429655.8
6078,63331230.0
6079,409576700.0
6080,1827382.8
6081,770883.0
6082,3440091.5
6083,121646850.0
6084,29956330.0
6085,12277935.0
6086,4164207.8
6087,33633588.0
6088,3655307.0
6089,7201039.5
6090,226008430.0
6091,359606.28
6092,2777740.5
6093,12658498.0
6094,85206660.0
6095,76671100.0
6096,5903328.0
6097,34224336.0
6098,14995776.0
6099,29397992.0
6100,27503202.0
6101,133846270.0
6102,78684730.0
6103,40516710.0
6104,1123947.5
6105,4605809.0
6106,429386.66
6107,173625.27
6108,27949754.0
6109,6485648.0
6110,100209784.0
6111,644624.4
6112,298911.6
6113,8571192.0
6114,54675056.0
6115,139771540.0
6116,840106.94
6117,16234646.0
6118,75259170.0
6119,88075670.0
6120,54317760.0
6121,3500601.0
6122,92280776.0
6123,394321.72
6124,2282078.2
6125,5073214.5
6126,12036142.0
6127,3743064.2
6128,138108660.0
6129,8270637.5
6130,195041.95
6131,16129236.0
6132,169581.02
6133,9029914.0
6134,33714104.0
6135,54102756.0
6136,678757440.0
6137,54303624.0
6138,5326565.0
6139,988353860.0
6140,2141051.5
6141,31868550.0
6142,783596.1
6143,1620458.4
6144,12057476.0
6145,10998092.0
6146,9269543.0
6147,45908132.0
6148,10026097.0
6149,74302290.0
6150,240970990.0
6151,16078615.0
6152,925077900.0
6153,4448667.5
6154,1206016.1
6155,136750940.0
6156,2274153.2
6157,9887107.0
6158,118293000.0
6159,21111264.0
6160,41859236.0
6161,17130614.0
6162,9535393.0
6163,4423959.5
6164,2970868.0
6165,8143955.0
6166,23624758.0
6167,10796909.0
6168,21614596.0
6169,74493820.0
6170,5151650.0
6171,9810506.0
6172,573635.8
6173,13278465.0
6174,47819420.0
6175,11582660.0
6176,46030228.0
6177,48933520.0
6178,3012434.5
6179,376728830.0
6180,40594450.0
6181,13990204.0
6182,440422560.0
6183,14057474.0
6184,440932800.0
6185,6512190.0
6186,5698622.0
6187,5517958.0
6188,45873028.0
6189,10679775.0
6190,81504260.0
6191,1644195.2
6192,32874674.0
6193,7818469.5
6194,1104604.4
6195,1120030.6
6196,16236562.0
6197,719931.4
6198,88998350.0
6199,718964000.0
6200,674719.4
6201,6582070.5
6202,118047120.0
6203,792750600.0
6204,1875985.8
6205,3737703.8
6206,41187160.0
6207,45185892.0
6208,45905132.0
6209,143591.92
6210,1696393.6
6211,59301640.0
6212,6154656.0
6213,51332850.0
6214,17250712.0
6215,11205733.0
6216,18076084.0
6217,349017.4
6218,3757669.5
6219,28031160.0
6220,327707.2
6221,4131340.2
6222,909890.06
6223,38742108.0
6224,14355879.0
6225,95434424.0
6226,12750136.0
6227,7807699.0
6228,614368.8
6229,547028.0
6230,136438.25
6231,95871460.0
6232,861568.8
6233,139886110.0
6234,16863826.0
6235,37612492.0
6236,10024399.0
6237,5128381.5
6238,6287785.5
6239,280904220.0
6240,138489900.0
6241,968836.25
6242,5211604.5
6243,7012867.5
6244,36081970.0
6245,3171568.5
6246,795757.2
6247,318237060.0
6248,786836.1
6249,9090939.0
6250,17538512.0
6251,59890896.0
6252,12387408.0
6253,6795615.5
6254,127520470.0
6255,3415798.5
6256,2929220.2
6257,72497464.0
6258,221495.97
6259,2146598.0
6260,6719988.5
6261,40825070.0
6262,8778418.0
6263,50659940.0
6264,5113978.0
6265,2611335.0
6266,3422151.8
6267,149080320.0
6268,521834.4
6269,143512850.0
6270,94013350.0
6271,321995700.0
6272,2162311.5
6273,14222283.0
6274,276630850.0
6275,37412356.0
6276,10334097.0
6277,25595238.0
6278,1123682.8
6279,12874177.0
6280,13956258.0
6281,1854134.5
6282,447441730.0
6283,21118202.0
6284,132628696.0
6285,60760340.0
6286,1133280.2
6287,7941857.0
6288,108517790.0
6289,125347260.0
6290,119950.055
6291,32343168.0
6292,132257110.0
6293,552480300.0
6294,6400344.0
6295,200340000.0
6296,3295433.5
6297,26544424.0
6298,481081.62
6299,190706.16
6300,25862712.0
6301,15319862.0
6302,7548561.5
6303,3366730.5
6304,13977081.0
6305,106017060.0
6306,52132300.0
6307,1496238.1
6308,682361.4
6309,457628.97
6310,55113900.0
6311,164270.95
6312,4083873.8
6313,11783868.0
6314,39297772.0
6315,1863740.6
6316,49732960.0
6317,115562760.0
6318,58107696.0
6319,44888532.0
6320,2175695.0
6321,68960470.0
6322,31559946.0
6323,9185512.0
6324,286152.72
6325,108913270.0
6326,1203036.2
6327,17529878.0
6328,34994480.0
6329,2306166.8
6330,930765.0
6331,96234610.0
6332,878948.94
6333,10002899.0
6334,1304227.6
6335,43964612.0
6336,23773718.0
6337,47384668.0
6338,401023.62
6339,15628174.0
6340,3667150.0
6341,493456.28
6342,4188663.5
6343,30488828.0
6344,38223264.0
6345,2791578.8
6346,130413910.0
6347,124283600.0
6348,19375828.0
6349,47501188.0
6350,299776.03
6351,95561770.0
6352,94309080.0
6353,267874.4
6354,694605.44
6355,109449.555
6356,6861419.5
6357,2836355.5
6358,667034.25
6359,4661871.0
6360,7894291.0
6361,128557624.0
6362,1907913.4
6363,9112805.0
6364,2829105.2
6365,111607656.0
6366,15604268.0
6367,8504774.0
6368,23529268.0
6369,6005208.0
6370,202811500.0
6371,4109013.0
6372,17590914.0
6373,3136666.8
6374,6322168.0
6375,48151932.0
6376,4024296.2
6377,4558238.0
6378,2702989.0
6379,132041496.0
6380,7106040.5
6381,404175580.0
6382,113485680.0
6383,22077414.0
6384,42875444.0
6385,7021421.5
6386,376534820.0
6387,7451126.5
6388,4396658.0
6389,1321467.2
6390,44392868.0
6391,2486835.5
6392,13541584.0
6393,367489920.0
6394,128571220.0
6395,190086.64
6396,957127.3
6397,7280003.5
6398,3165952.5
6399,627512.9
6400,6499097.5
6401,329628.44
6402,19400424.0
6403,758011.06
6404,14340172.0
6405,799298.8
6406,9690123.0
6407,13199717.0
6408,9270666.0
6409,61655652.0
6410,10003907.0
6411,1377708.9
6412,1869528.8
6413,36957720.0
6414,480370140.0
6415,681752.8
6416,1227646.0
6417,86184090.0
6418,30133012.0
6419,18933126.0
6420,29846216.0
6421,17953736.0
6422,197291.3
6423,3107057.0
6424,75518750.0
6425,12335134.0
6426,2384821.0
6427,2938098.8
6428,1436067.4
6429,18111756.0
6430,118782424.0
6431,71269160.0
6432,79670690.0
6433,15398331.0
6434,7264711.5
6435,27817052.0
6436,51324416.0
6437,5515789.5
6438,9918403.0
6439,12269011.0
6440,57346308.0
6441,5809868.0
6442,3553826.8
6443,5115212.5
6444,321194.44
6445,517333440.0
6446,303319260.0
6447,11965361.0
6448,640832.4
6449,32487694.0
6450,9469845.0
6451,3716851.5
6452,27531612.0
6453,56505836.0
6454,25750142.0
6455,17028456.0
6456,21944598.0
6457,57468576.0
6458,2064021.5
6459,13076547.0
6460,70453260.0
6461,172535330.0
6462,173778180.0
6463,268691.16
6464,6186473.0
6465,5277073.0
6466,27251312.0
6467,16370195.0
6468,595647.25
6469,10860307.0
6470,2437433.8
6471,3265440.8
6472,8276873.0
6473,6930178.0
6474,4512393.5
6475,1643368.5
6476,319264860.0
6477,34664544.0
6478,14312911.0
6479,204450480.0
6480,30951760.0
6481,58434296.0
6482,757231.94
6483,291117.22
6484,86634980.0
6485,65371860.0
6486,315388.5
6487,74736680.0
6488,31065500.0
6489,1238335.4
6490,2164632.0
6491,8417259.0
6492,14016376.0
6493,4846439.0
6494,98089380.0
6495,7082474.5
6496,335039600.0
6497,92917270.0
6498,45073920.0
6499,19225838.0
6500,3770542.5
6501,1189128.4
6502,108712420.0
6503,6930452.0
6504,2181475.8
6505,8444577.0
6506,6606346.5
6507,4090174.5
6508,52239140.0
6509,4008712.5
6510,1561746.2
6511,3543235.0
6512,1520155.9
6513,15091844.0
6514,1851576.0
6515,64873764.0
6516,31622320.0
6517,1560275.9
6518,21531992.0
6519,64328548.0
6520,3786210.8
6521,211329380.0
6522,34558700.0
6523,36943740.0
6524,20382296.0
6525,40941424.0
6526,343151520.0
6527,1175249.8
6528,6844269.0
6529,3814908.2
6530,70463490.0
6531,6095570.5
6532,12737345.0
6533,2504277.5
6534,277550600.0
6535,9647251.0
6536,25400758.0
6537,33596188.0
6538,30312398.0
6539,242581780.0
6540,102655500.0
6541,77217560.0
6542,16969782.0
6543,286929.53
6544,16500009.0
6545,7519929.5
6546,553960770.0
6547,1000745.7
6548,61874756.0
6549,100100024.0
6550,21542080.0
6551,36997824.0
6552,12629872.0
6553,999013.4
6554,24191314.0
6555,7228827.5
6556,31732106.0
6557,4038647.5
6558,99535130.0
6559,27158954.0
6560,190942340.0
6561,2673797.5
6562,96843610.0
6563,14163794.0
6564,8081299.5
6565,16967686.0
6566,35173736.0
6567,9434154.0
6568,32920360.0
6569,575522.6
6570,49444010.0
6571,4890288.0
6572,59880.887
6573,15990538.0
6574,21666562.0
6575,894471.8
6576,6004002.0
6577,7154236.5
6578,27439218.0
6579,10115094.0
6580,664938.75
6581,33352958.0
6582,343453.8
6583,545577.3
6584,1228101.0
6585,35793620.0
6586,59841416.0
6587,23665110.0
6588,4496360.5
6589,29070690.0
6590,130034500.0
6591,11838086.0
6592,113315500.0
6593,120667810.0
6594,54706676.0
6595,127502.05
6596,114926370.0
6597,567058.06
6598,14961517.0
6599,7624168.5
6600,3382473.2
6601,8268021.0
6602,689504260.0
6603,35755544.0
6604,13246953.0
6605,63867828.0
6606,1123681.6
6607,34719576.0
6608,752167.2
6609,2927986.5
6610,2719495.0
6611,4222387.5
6612,581474800.0
6613,34577132.0
6614,214825810.0
6615,1992841.6
6616,105866420.0
6617,46136356.0
6618,37927100.0
6619,10633656.0
6620,1744830.6
6621,21406800.0
6622,74676130.0
6623,180439710.0
6624,87516810.0
6625,142284450.0
6626,11972445.0
6627,60811710.0
6628,146585.64
6629,2394114.2
6630,1148496.9
6631,1376343.5
6632,1885833.5
6633,2969152.2
6634,12122484.0
6635,534124.06
6636,106998424.0
6637,54942390.0
6638,857345.6
6639,18231272.0
6640,9177691.0
6641,141505800.0
6642,184372770.0
6643,1402313.4
6644,353970.56
6645,39106080.0
6646,19670840.0
6647,708861.8
6648,35268492.0
6649,2101277.5
6650,1145235.2
6651,16053530.0
6652,1036317.06
6653,70636960.0
6654,92718700.0
6655,10397236.0
6656,12115159.0
6657,59555744.0
6658,1705761.1
6659,11165654.0
6660,404464.75
6661,461160.75
6662,9795273.0
6663,530307700.0
6664,4461558.5
6665,949313.6
6666,32221840.0
6667,219919020.0
6668,25438800.0
6669,18893488.0
6670,960239.0
6671,18629388.0
6672,7940839.0
6673,121963560.0
6674,475433570.0
6675,72892296.0
6676,8192339.0
6677,445055.0
6678,7964756.0
6679,514873340.0
6680,10744031.0
6681,881098100.0
6682,52607624.0
6683,22570278.0
6684,221873.23
6685,1640918.1
6686,16649388.0
6687,66154320.0
6688,15629329.0
6689,25009776.0
6690,384736160.0
6691,1784508.6
6692,340491140.0
6693,26837266.0
6694,62167140.0
6695,10042099.0
6696,161417440.0
6697,3643897.0
6698,7841901.0
6699,171229700.0
6700,180704510.0
6701,28656818.0
6702,19582702.0
6703,4253174.5
6704,5536239.0
6705,27772366.0
6706,28651896.0
6707,26536704.0
6708,5844810.5
6709,2248990.5
6710,62886948.0
6711,18961132.0
6712,135032910.0
6713,2464644.0
6714,244761.89
6715,4943128.0
6716,23826742.0
6717,290837120.0
6718,18137016.0
6719,27189026.0
6720,1545554.6
6721,50151892.0
6722,6944882.0
6723,90253800.0
6724,19152810.0
6725,2093963.6
6726,65740270.0
6727,5380048.0
6728,6678425.0
6729,4040591.8
6730,21751262.0
6731,965624.56
6732,2819904.2
6733,29789948.0
6734,12485499.0
6735,52777876.0
6736,1293729.9
6737,2502662.5
6738,5045810.5
6739,7766212.0
6740,597926.6
6741,1625022.0
6742,33304772.0
6743,94597920.0
6744,13436534.0
6745,2716232.2
6746,69308830.0
6747,15668746.0
6748,372257.84
6749,1554458.2
6750,1493405.6
6751,7658889.0
6752,57351296.0
6753,5856511.0
6754,123386790.0
6755,2885435.0
6756,194636340.0
6757,16406965.0
6758,5980073.0
6759,106354856.0
6760,26881924.0
6761,25738480.0
6762,695670.3
6763,19515518.0
6764,3426886.5
6765,115246100.0
6766,113433.516
6767,22251054.0
6768,127544690.0
6769,15260198.0
6770,12637419.0
6771,5861959.5
6772,2222359.8
6773,18057754.0
6774,229623040.0
6775,608677250.0
6776,2308734.0
6777,16310918.0
6778,85575220.0
6779,23083988.0
6780,101976970.0
6781,1064139.5
6782,95406820.0
6783,21264026.0
6784,1132487.8
6785,41809364.0
6786,1610651.4
6787,18678392.0
6788,1449616.8
6789,1268502.8
6790,3744211.5
6791,29811878.0
6792,239035330.0
6793,55767190.0
6794,3373365.5
6795,3432207.5
6796,694750600.0
6797,9251351.0
6798,22405264.0
6799,801561.7
6800,42156668.0
6801,81137820.0
6802,14296013.0
6803,100997336.0
6804,46727.164
6805,22857388.0
6806,4970024.5
6807,31147648.0
6808,3489299.0
6809,10812568.0
6810,8076930.5
6811,47369824.0
6812,3952964.2
6813,94375256.0
6814,1061981.9
6815,2412480.2
6816,3134397.0
6817,119305.62
6818,148535.67
6819,25043918.0
6820,50944348.0
6821,21779612.0
6822,19451158.0
6823,57755600.0
6824,247608900.0
6825,39852560.0
6826,8829510.0
6827,1244211.2
6828,57329.887
6829,765461.9
6830,3423290.5
6831,55455788.0
6832,14220471.0
6833,7488328.5
6834,4097421.8
6835,111158980.0
6836,1968741.1
6837,99473780.0
6838,1175518.2
6839,4088576.5
6840,11190547.0
6841,13138798.0
6842,3815234.2
6843,3879847.0
6844,46518710.0
6845,15221878.0
6846,65248484.0
6847,1083887.6
6848,9884603.0
6849,7645910.5
6850,67934790.0
6851,125720540.0
6852,5540828.0
6853,4285420.0
6854,22625836.0
6855,28855310.0
6856,128074.85
6857,22483184.0
6858,3113069.5
6859,33979636.0
6860,13098756.0
6861,22001456.0
6862,31963716.0
6863,389203460.0
6864,1287003.6
6865,5039379.0
6866,55678364.0
6867,41526304.0
6868,873574100.0
6869,22893578.0
6870,519213.28
6871,96062980.0
6872,378872.4
6873,14780364.0
6874,41276136.0
6875,1519294.0
6876,19763750.0
6877,13756766.0
6878,512593.2
6879,2349170.2
6880,478748.22
6881,5106928.5
6882,74131900.0
6883,53767964.0
6884,10418300.0
6885,5661103.0
6886,723737.8
6887,15516378.0
6888,68309736.0
6889,3567423.0
6890,7681886.0
6891,19602438.0
6892,130808380.0
6893,151060110.0
6894,21074668.0
6895,731153.8
6896,2664501.0
6897,1157892.6
6898,12752549.0
6899,7746068.5
6900,28021544.0
6901,41040220.0
6902,2033436.6
6903,13511510.0
6904,134855440.0
6905,20285870.0
6906,93904470.0
6907,27396814.0
6908,8055697.5
6909,695473.75
6910,5552498.5
6911,5441256.5
6912,9427731.0
6913,292437700.0
6914,263436370.0
6915,11320268.0
6916,18915540.0
6917,957197400.0
6918,34938900.0
6919,1051637.9
6920,69788856.0
6921,256271920.0
6922,7660197.0
6923,5170188.5
6924,766468.8
6925,7767497.5
6926,8302360.0
6927,596734.8
6928,31649474.0
6929,31435980.0
6930,122737050.0
6931,4161539.5
6932,3057307.5
6933,1960155.4
6934,81700456.0
6935,782328.75
6936,7736293.5
6937,101589390.0
6938,1114839.0
6939,1819525.5
6940,69828870.0
6941,57909830.0
6942,10396277.0
6943,3073762.5
6944,100551560.0
6945,10103951.0
6946,62480016.0
6947,5019102.5
6948,30960834.0
6949,60396076.0
6950,374804160.0
6951,511739.72
6952,11464408.0
6953,21493984.0
6954,5699102.5
6955,59863330.0
6956,2302089.2
6957,1834039.0
6958,490161.06
6959,4134397.5
6960,25919782.0
6961,7484259.0
6962,126311120.0
6963,15274276.0
6964,36960124.0
6965,1872802.0
6966,59712892.0
6967,103260350.0
6968,2332554.0
6969,481287.8
6970,11953781.0
6971,93531770.0
6972,314876.22
6973,17620542.0
6974,47265788.0
6975,10697067.0
6976,11730336.0
6977,2379264.0
6978,1878687.6
6979,43325124.0
6980,15071034.0
6981,1395960.9
6982,59510868.0
6983,3532248.5
6984,85689100.0
6985,166518990.0
6986,21664790.0
6987,2139289.0
6988,16178449.0
6989,3178446.8
6990,199731380.0
6991,3697469.2
6992,2003051.8
6993,1147920.0
6994,249027.44
6995,41917456.0
6996,62778300.0
6997,155573.5
6998,5522480.0
6999,94037800.0
7000,1664577.8
7001,4010461.0
7002,2106554.5
7003,6112649.5
7004,19394044.0
7005,501031.25
7006,622640.94
7007,8838741.0
7008,35018828.0
7009,8032222.5
7010,14215150.0
7011,418089.62
7012,3566420.2
7013,1820688.4
7014,56234.613
7015,156096100.0
7016,209893840.0
7017,9460623.0
7018,16106533.0
7019,85710890.0
7020,37345880.0
7021,3106148.5
7022,22933460.0
7023,54784430.0
7024,10210883.0
7025,4118394.2
7026,120501570.0
7027,74081810.0
7028,914806.1
7029,51308300.0
7030,32696128.0
7031,43681332.0
7032,20661596.0
7033,3085484.8
7034,22147498.0
7035,19510520.0
7036,6362695.5
7037,21415078.0
7038,8574066.0
7039,41646936.0
7040,12611117.0
7041,60209796.0
7042,94037430.0
7043,736159.0
7044,19200446.0
7045,20982024.0
7046,92622056.0
7047,145003710.0
7048,15548328.0
7049,16196658.0
7050,204956.2
7051,9791342.0
7052,55384816.0
7053,3112683.8
7054,34020172.0
7055,71458050.0
7056,349373440.0
7057,24613032.0
7058,1925868.0
7059,7079154.0
7060,16380984.0
7061,26155978.0
7062,52163330.0
7063,293002.25
7064,199543520.0
7065,23118754.0
7066,1955399.5
7067,723343.2
7068,62657964.0
7069,1434792.8
7070,179010670.0
7071,245610050.0
7072,510114.9
7073,23450034.0
7074,2864407.8
7075,38640780.0
7076,58841156.0
7077,22404362.0
7078,84117620.0
7079,1322026.2
7080,5015710.5
7081,6436321.5
7082,1904802.4
7083,252143.28
7084,49472508.0
7085,6856351.5
7086,2451467.8
7087,116805790.0
7088,62478750.0
7089,2807229.5
7090,3282668.5
7091,3787695.5
7092,126042810.0
7093,19367188.0
7094,37143948.0
7095,2959553.0
7096,11912620.0
7097,149669730.0
7098,37619364.0
7099,58810244.0
7100,8011162.5
7101,15256595.0
7102,1534750.0
7103,7190705.5
7104,9128979.0
7105,55289296.0
7106,14873941.0
7107,38021096.0
7108,2436259.5
7109,44933444.0
7110,1197684.8
7111,4183347.2
7112,131166800.0
7113,88524610.0
7114,14811346.0
7115,7649361.5
7116,4499361.0
7117,605679.3
7118,22596398.0
7119,38360956.0
7120,596957.44
7121,16146411.0
7122,1492772.8
7123,1374869.8
7124,238428930.0
7125,26440854.0
7126,189712030.0
7127,46016652.0
7128,5001541.5
7129,6784910.0
7130,16172576.0
7131,9895901.0
7132,11651979.0
7133,111290936.0
7134,49179880.0
7135,82046140.0
7136,34816500.0
7137,12551610.0
7138,17829126.0
7139,659503.5
7140,133709660.0
7141,501095.22
7142,10641193.0
7143,40057960.0
7144,1575747.6
7145,20103520.0
7146,3204842.8
7147,40933436.0
7148,14293094.0
7149,4013571.0
7150,4773813.5
7151,18222306.0
7152,55477360.0
7153,1739599.4
7154,27580748.0
7155,158877220.0
7156,13107658.0
7157,94330660.0
7158,3258361.5
7159,3205991.8
7160,1663334.9
7161,38420830.0
7162,382311970.0
7163,9492982.0
7164,898725.2
7165,59449830.0
7166,9088007.0
7167,457763.06
7168,588833.1
7169,4404829.5
7170,9880363.0
7171,7881574.0
7172,6065190.5
7173,6537520.0
7174,3875364.5
7175,811448.44
7176,12578766.0
7177,56261668.0
7178,34462120.0
7179,146585780.0
7180,779150.1
7181,6502945.5
7182,60251520.0
7183,1269505.1
7184,901822200.0
7185,12016923.0
7186,33376674.0
7187,60247050.0
7188,41780890.0
7189,11567999.0
7190,2709335.2
7191,228867.52
7192,23395380.0
7193,16898134.0
7194,424857000.0
7195,12390368.0
7196,16803618.0
7197,9884368.0
7198,10005594.0
7199,3325156.5
7200,63131348.0
7201,2740094.5
7202,34753810.0
7203,578340.06
7204,74829220.0
7205,143839630.0
7206,148914430.0
7207,647112600.0
7208,18073724.0
7209,3894566.0
7210,434140.44
7211,2164507.0
7212,32436898.0
7213,17339286.0
7214,180579020.0
7215,109893770.0
7216,93934070.0
7217,873546.4
7218,17364644.0
7219,8248435.5
7220,49599240.0
7221,15690336.0
7222,32403758.0
7223,6797741.0
7224,8071747.5
7225,313971.5
7226,63118536.0
7227,45500948.0
7228,7360336.5
7229,18735480.0
7230,1174827.0
7231,5573510.0
7232,266846050.0
7233,247989120.0
7234,291210720.0
7235,24510550.0
7236,89583576.0
7237,9845148.0
7238,3098726.0
7239,912156860.0
7240,18293330.0
7241,226865950.0
7242,42392240.0
7243,13871687.0
7244,28545818.0
7245,1926633.2
7246,2489741.2
7247,88673064.0
7248,51329270.0
7249,1160194.4
7250,592582.25
7251,25732914.0
7252,8450360.0
7253,5701646.0
7254,55200600.0
7255,456967.66
7256,4118552.5
7257,10185231.0
7258,26744392.0
7259,2353120.5
7260,610333.3
7261,567693100.0
7262,103369.57
7263,32450448.0
7264,8134966.5
7265,5180099.5
7266,18632646.0
7267,699107.3
7268,1872968.1
7269,118991330.0
7270,201677230.0
7271,2915398.0
7272,13431573.0
7273,2354973.8
7274,1670780.1
7275,10477814.0
7276,2387639.8
7277,165071520.0
7278,149838990.0
7279,235749230.0
7280,75664264.0
7281,62430148.0
7282,62463050.0
7283,301378700.0
7284,699677.6
7285,43785204.0
7286,175979950.0
7287,6130674.5
7288,3822865.8
7289,99536730.0
7290,10784188.0
7291,23753578.0
7292,1221512.0
7293,25005488.0
7294,7703490.5
7295,54069964.0
7296,182900.47
7297,36874756.0
7298,7422633.0
7299,3039538.0
7300,2144698.8
7301,21812798.0
7302,1113092.0
7303,485121.28
7304,12241860.0
7305,1464593.0
7306,654751600.0
7307,1000329.6
7308,690205.5
7309,15957015.0
7310,9512872.0
7311,3744588.0
7312,103660430.0
7313,153849460.0
7314,3583867.8
7315,4227503.5
7316,4227502.0
7317,11084598.0
7318,98711224.0
7319,3760652.0
7320,97395500.0
7321,106097.305
7322,1554846.8
7323,41726590.0
7324,9289251.0
7325,325154880.0
7326,320283550.0
7327,2920980.2
7328,35800530.0
7329,114100984.0
7330,357202660.0
7331,74260200.0
7332,41083190.0
7333,58135756.0
7334,7400042.0
7335,72443100.0
7336,13220749.0
7337,6684443.5
7338,48420628.0
7339,64494070.0
7340,4511665.5
7341,246336.75
7342,53884110.0
7343,5010630.5
7344,2288833.5
7345,4040363.8
7346,11559760.0
7347,12033482.0
7348,1089639.4
7349,63460564.0
7350,10231280.0
7351,31978618.0
7352,537205.7
7353,3857333.0
7354,480333.6
7355,24568824.0
7356,36397944.0
7357,3675366.0
7358,11047771.0
7359,60989876.0
7360,25810476.0
7361,76575.01
7362,163880140.0
7363,852753700.0
7364,851963.3
7365,49371484.0
7366,29725706.0
7367,840771.25
7368,10443430.0
7369,19922146.0
7370,63748870.0
7371,1361662.2
7372,88444360.0
7373,264760880.0
7374,22333198.0
7375,55086636.0
7376,376955.62
7377,16670095.0
7378,104084664.0
7379,36038410.0
7380,3285915.2
7381,1273661.9
7382,8136571.0
7383,222908.81
7384,12655487.0
7385,39358052.0
7386,27360168.0
7387,7515165.0
7388,2040389.4
7389,786697.06
7390,202436.0
7391,10213811.0
7392,10831723.0
7393,859733250.0
7394,39878344.0
7395,40755490.0
7396,49955204.0
7397,13052120.0
7398,3052635.5
